{
  "project_info": {
    "project_number": "27332260590",
    "project_id": "crudproductos-10395",
    "storage_bucket": "crudproductos-10395.appspot.com"
  },
  "client": [
    {
      "client_info": {
        "mobilesdk_app_id": "1:27332260590:android:e2ae8ff040e44913e4f9ff",
        "android_client_info": {
          "package_name": "cl.inacap.eva3"
        }
      },
      "oauth_client": [],
      "api_key": [
        {
          "current_key": "AIzaSyDYUtJ_K6oxNjIwTep0C3ou8OalvOLCKPE"
        }
      ],
      "services": {
        "appinvite_service": {
          "other_platform_oauth_client": []
        }
      }
    },
    {
      "client_info": {
        "mobilesdk_app_id": "1:27332260590:android:a0f6537e8b99f204e4f9ff",
        "android_client_info": {
          "package_name": "com.example.gestiondispositivos"
        }
      },
      "oauth_client": [],
      "api_key": [
        {
          "current_key": "AIzaSyDYUtJ_K6oxNjIwTep0C3ou8OalvOLCKPE"
        }
      ],
      "services": {
        "appinvite_service": {
          "other_platform_oauth_client": []
        }
      }
    }
  ],
  "configuration_version": "1"
}